library,variant,pdb_file,score,global_score
L0,E143S,E143S.pdb,1.8061991930007935,1.8061991930007935
L0,F139L,F139L.pdb,1.9362422227859497,1.9362422227859497
L0,F48Y,F48Y.pdb,1.80612051486969,1.80612051486969
L0,G102S,G102S.pdb,1.7726690769195557,1.7726690769195557
L0,G74A,G74A.pdb,2.0729734897613525,2.0729734897613525
L0,H144Q,H144Q.pdb,1.8169081211090088,1.8169081211090088
L0,H177Q,H177Q.pdb,1.953066110610962,1.953066110610962
L0,I24L,I24L.pdb,2.0251471996307373,2.0251471996307373
L0,K87T,K87T.pdb,2.064892530441284,2.064892530441284
L0,N107S,N107S.pdb,1.7745920419692993,1.7745920419692993
L0,P142S,P142S.pdb,1.8101869821548462,1.8101869821548462
L0,R181S,R181S.pdb,1.8218255043029785,1.8218255043029785
L0,R99C,R99C.pdb,1.7844276428222656,1.7844276428222656
L0,S47A,S47A.pdb,1.7835757732391357,1.7835757732391357
L0,S4R,S4R.pdb,1.7961170673370361,1.7961170673370361
L0,T178A,T178A.pdb,1.7968095541000366,1.7968095541000366
L0,T52A,T52A.pdb,1.7477251291275024,1.7477251291275024
L0,T54Q,T54Q.pdb,1.7624346017837524,1.7624346017837524
L0,T60A,T60A.pdb,1.783860683441162,1.783860683441162
L0,Y104F,Y104F.pdb,1.7782306671142578,1.7782306671142578
L1,E143S,E143S.pdb,1.8302884101867676,1.8302884101867676
L1,F139L,F139L.pdb,1.851264238357544,1.851264238357544
L1,F48Y,F48Y.pdb,1.7807172536849976,1.7807172536849976
L1,G102S,G102S.pdb,1.8034554719924927,1.8034554719924927
L1,G74A,G74A.pdb,1.7760568857192993,1.7760568857192993
L1,H144Q,H144Q.pdb,1.8459936380386353,1.8459936380386353
L1,H177Q,H177Q.pdb,1.8091791868209839,1.8091791868209839
L1,I24L,I24L.pdb,1.7796084880828857,1.7796084880828857
L1,K87T,K87T.pdb,1.852934718132019,1.852934718132019
L1,N107S,N107S.pdb,1.8727167844772339,1.8727167844772339
L1,P142S,P142S.pdb,1.7506186962127686,1.7506186962127686
L1,R181S,R181S.pdb,1.8778852224349976,1.8778852224349976
L1,R99C,R99C.pdb,1.8764654397964478,1.8764654397964478
L1,S47A,S47A.pdb,1.7865674495697021,1.7865674495697021
L1,S4R,S4R.pdb,1.871987223625183,1.871987223625183
L1,T178A,T178A.pdb,1.83943510055542,1.83943510055542
L1,T52A,T52A.pdb,1.8779702186584473,1.8779702186584473
L1,T60A,T60A.pdb,1.8013325929641724,1.8013325929641724
L1,Y104F,Y104F.pdb,1.8551759719848633,1.8551759719848633
L10,E143S,E143S.pdb,1.9813692569732666,1.9813692569732666
L10,F48Y,F48Y.pdb,1.9584081172943115,1.9584081172943115
L10,G102S,G102S.pdb,1.9640130996704102,1.9640130996704102
L10,K87T,K87T.pdb,1.8968727588653564,1.8968727588653564
L10,N107S,N107S.pdb,1.9613447189331055,1.9613447189331055
L10,P142S,P142S.pdb,1.9410239458084106,1.9410239458084106
L10,R181S,R181S.pdb,1.9359146356582642,1.9359146356582642
L10,S4R,S4R.pdb,1.964739203453064,1.964739203453064
L10,T178A,T178A.pdb,1.922717809677124,1.922717809677124
L10,T52A,T52A.pdb,1.90049409866333,1.90049409866333
L10,Y104F,Y104F.pdb,1.9867558479309082,1.9867558479309082
L11,E143S,E143S.pdb,1.954427719116211,1.954427719116211
L11,F48Y,F48Y.pdb,1.944236397743225,1.944236397743225
L11,G102S,G102S.pdb,1.9981262683868408,1.9981262683868408
L11,K87T,K87T.pdb,2.0140933990478516,2.0140933990478516
L11,N107S,N107S.pdb,1.969738483428955,1.969738483428955
L11,P142S,P142S.pdb,1.9748146533966064,1.9748146533966064
L11,R181S,R181S.pdb,1.9636095762252808,1.9636095762252808
L11,S4R,S4R.pdb,2.0003175735473633,2.0003175735473633
L11,T52A,T52A.pdb,1.971774697303772,1.971774697303772
L11,Y104F,Y104F.pdb,1.9345369338989258,1.9345369338989258
L12,E143S,E143S.pdb,1.9276713132858276,1.9276713132858276
L12,F48Y,F48Y.pdb,1.8636300563812256,1.8636300563812256
L12,G102S,G102S.pdb,1.8775179386138916,1.8775179386138916
L12,K87T,K87T.pdb,1.8595467805862427,1.8595467805862427
L12,N107S,N107S.pdb,1.964557409286499,1.964557409286499
L12,P142S,P142S.pdb,1.91411292552948,1.91411292552948
L12,R181S,R181S.pdb,1.880429983139038,1.880429983139038
L12,S4R,S4R.pdb,1.9521464109420776,1.9521464109420776
L12,T52A,T52A.pdb,1.8803255558013916,1.8803255558013916
L13,E143S,E143S.pdb,1.9754383563995361,1.9754383563995361
L13,F48Y,F48Y.pdb,1.9960075616836548,1.9960075616836548
L13,G102S,G102S.pdb,1.9413810968399048,1.9413810968399048
L13,K87T,K87T.pdb,1.9857027530670166,1.9857027530670166
L13,N107S,N107S.pdb,1.9544711112976074,1.9544711112976074
L13,P142S,P142S.pdb,2.040355920791626,2.040355920791626
L13,R181S,R181S.pdb,1.9748023748397827,1.9748023748397827
L13,T52A,T52A.pdb,1.9194892644882202,1.9194892644882202
L14,E143S,E143S.pdb,1.9757156372070312,1.9757156372070312
L14,F48Y,F48Y.pdb,1.8913434743881226,1.8913434743881226
L14,G102S,G102S.pdb,1.9403167963027954,1.9403167963027954
L14,K87T,K87T.pdb,1.9574764966964722,1.9574764966964722
L14,N107S,N107S.pdb,1.895015001296997,1.895015001296997
L14,P142S,P142S.pdb,1.8733165264129639,1.8733165264129639
L14,R181S,R181S.pdb,1.9710596799850464,1.9710596799850464
L15,E143S,E143S.pdb,1.8352385759353638,1.8352385759353638
L15,F48Y,F48Y.pdb,1.8849352598190308,1.8849352598190308
L15,G102S,G102S.pdb,1.8802921772003174,1.8802921772003174
L15,N107S,N107S.pdb,1.810306191444397,1.810306191444397
L15,P142S,P142S.pdb,1.964087724685669,1.964087724685669
L15,R181S,R181S.pdb,1.840345859527588,1.840345859527588
L16,E143S,E143S.pdb,1.8988564014434814,1.8988564014434814
L16,F48Y,F48Y.pdb,2.0100889205932617,2.0100889205932617
L16,N107S,N107S.pdb,1.9615559577941895,1.9615559577941895
L16,P142S,P142S.pdb,1.9378492832183838,1.9378492832183838
L16,R181S,R181S.pdb,1.8946470022201538,1.8946470022201538
L17,E143S,E143S.pdb,1.9173012971878052,1.9173012971878052
L17,F48Y,F48Y.pdb,1.8866095542907715,1.8866095542907715
L17,P142S,P142S.pdb,1.978098750114441,1.978098750114441
L17,R181S,R181S.pdb,1.894407868385315,1.894407868385315
L18,E143S,E143S.pdb,1.9726022481918335,1.9726022481918335
L18,F48Y,F48Y.pdb,1.876793622970581,1.876793622970581
L18,R181S,R181S.pdb,1.958984375,1.958984375
L19,E143S,E143S.pdb,1.9082170724868774,1.9082170724868774
L19,F48Y,F48Y.pdb,1.9086514711380005,1.9086514711380005
L2,E143S,E143S.pdb,1.8475645780563354,1.8475645780563354
L2,F139L,F139L.pdb,1.8548369407653809,1.8548369407653809
L2,F48Y,F48Y.pdb,1.8510959148406982,1.8510959148406982
L2,G102S,G102S.pdb,1.7988537549972534,1.7988537549972534
L2,G74A,G74A.pdb,1.7587840557098389,1.7587840557098389
L2,H144Q,H144Q.pdb,1.849948525428772,1.849948525428772
L2,H177Q,H177Q.pdb,1.8264119625091553,1.8264119625091553
L2,I24L,I24L.pdb,1.8022927045822144,1.8022927045822144
L2,K87T,K87T.pdb,1.8044002056121826,1.8044002056121826
L2,N107S,N107S.pdb,1.7904036045074463,1.7904036045074463
L2,P142S,P142S.pdb,1.810734510421753,1.810734510421753
L2,R181S,R181S.pdb,1.8631820678710938,1.8631820678710938
L2,R99C,R99C.pdb,1.758942723274231,1.758942723274231
L2,S47A,S47A.pdb,1.8167641162872314,1.8167641162872314
L2,S4R,S4R.pdb,1.7939248085021973,1.7939248085021973
L2,T178A,T178A.pdb,1.7941159009933472,1.7941159009933472
L2,T52A,T52A.pdb,1.7963848114013672,1.7963848114013672
L2,T60A,T60A.pdb,1.825791835784912,1.825791835784912
L2,Y104F,Y104F.pdb,1.8382642269134521,1.8382642269134521
L20,E143S,E143S.pdb,1.9321560859680176,1.9321560859680176
L3,E143S,E143S.pdb,1.8075125217437744,1.8075125217437744
L3,F139L,F139L.pdb,1.8858299255371094,1.8858299255371094
L3,F48Y,F48Y.pdb,1.899607539176941,1.899607539176941
L3,G102S,G102S.pdb,1.8111791610717773,1.8111791610717773
L3,G74A,G74A.pdb,1.7489885091781616,1.7489885091781616
L3,H144Q,H144Q.pdb,1.8886128664016724,1.8886128664016724
L3,H177Q,H177Q.pdb,1.8332868814468384,1.8332868814468384
L3,K87T,K87T.pdb,1.7957524061203003,1.7957524061203003
L3,N107S,N107S.pdb,1.9196792840957642,1.9196792840957642
L3,P142S,P142S.pdb,1.8696527481079102,1.8696527481079102
L3,R181S,R181S.pdb,1.8212381601333618,1.8212381601333618
L3,R99C,R99C.pdb,1.907968521118164,1.907968521118164
L3,S47A,S47A.pdb,1.826982855796814,1.826982855796814
L3,S4R,S4R.pdb,1.9066530466079712,1.9066530466079712
L3,T178A,T178A.pdb,1.92505943775177,1.92505943775177
L3,T52A,T52A.pdb,1.791271448135376,1.791271448135376
L3,T60A,T60A.pdb,1.9050936698913574,1.9050936698913574
L3,Y104F,Y104F.pdb,1.7968790531158447,1.7968790531158447
L4,E143S,E143S.pdb,1.9595211744308472,1.9595211744308472
L4,F48Y,F48Y.pdb,1.90438711643219,1.90438711643219
L4,G102S,G102S.pdb,1.8996013402938843,1.8996013402938843
L4,G74A,G74A.pdb,1.7994823455810547,1.7994823455810547
L4,H144Q,H144Q.pdb,1.9022020101547241,1.9022020101547241
L4,H177Q,H177Q.pdb,1.9473345279693604,1.9473345279693604
L4,K87T,K87T.pdb,1.9889366626739502,1.9889366626739502
L4,N107S,N107S.pdb,2.001253843307495,2.001253843307495
L4,P142S,P142S.pdb,1.9526495933532715,1.9526495933532715
L4,R181S,R181S.pdb,1.930182695388794,1.930182695388794
L4,R99C,R99C.pdb,1.922166347503662,1.922166347503662
L4,S47A,S47A.pdb,1.9673216342926025,1.9673216342926025
L4,S4R,S4R.pdb,1.9541159868240356,1.9541159868240356
L4,T178A,T178A.pdb,1.930201768875122,1.930201768875122
L4,T52A,T52A.pdb,1.9261263608932495,1.9261263608932495
L4,T60A,T60A.pdb,1.9287993907928467,1.9287993907928467
L4,Y104F,Y104F.pdb,1.9760987758636475,1.9760987758636475
L5,E143S,E143S.pdb,1.9294497966766357,1.9294497966766357
L5,F48Y,F48Y.pdb,1.9643580913543701,1.9643580913543701
L5,G102S,G102S.pdb,1.9171833992004395,1.9171833992004395
L5,G74A,G74A.pdb,1.7790671586990356,1.7790671586990356
L5,H144Q,H144Q.pdb,1.9919607639312744,1.9919607639312744
L5,H177Q,H177Q.pdb,1.9734207391738892,1.9734207391738892
L5,K87T,K87T.pdb,1.9234379529953003,1.9234379529953003
L5,N107S,N107S.pdb,1.926698088645935,1.926698088645935
L5,P142S,P142S.pdb,1.9479596614837646,1.9479596614837646
L5,R181S,R181S.pdb,1.9557416439056396,1.9557416439056396
L5,R99C,R99C.pdb,1.9030522108078003,1.9030522108078003
L5,S4R,S4R.pdb,1.9137485027313232,1.9137485027313232
L5,T178A,T178A.pdb,1.9505984783172607,1.9505984783172607
L5,T52A,T52A.pdb,1.9183268547058105,1.9183268547058105
L5,T60A,T60A.pdb,1.9036855697631836,1.9036855697631836
L5,Y104F,Y104F.pdb,1.9402375221252441,1.9402375221252441
L6,E143S,E143S.pdb,1.9265247583389282,1.9265247583389282
L6,F48Y,F48Y.pdb,1.8550668954849243,1.8550668954849243
L6,G102S,G102S.pdb,1.8756237030029297,1.8756237030029297
L6,G74A,G74A.pdb,1.8116358518600464,1.8116358518600464
L6,H144Q,H144Q.pdb,1.8738822937011719,1.8738822937011719
L6,H177Q,H177Q.pdb,1.8570350408554077,1.8570350408554077
L6,K87T,K87T.pdb,1.9252034425735474,1.9252034425735474
L6,N107S,N107S.pdb,1.8688576221466064,1.8688576221466064
L6,P142S,P142S.pdb,1.852854609489441,1.852854609489441
L6,R181S,R181S.pdb,1.9513473510742188,1.9513473510742188
L6,R99C,R99C.pdb,1.8602828979492188,1.8602828979492188
L6,S4R,S4R.pdb,1.8945049047470093,1.8945049047470093
L6,T178A,T178A.pdb,1.9089794158935547,1.9089794158935547
L6,T52A,T52A.pdb,1.9402365684509277,1.9402365684509277
L6,Y104F,Y104F.pdb,1.916679859161377,1.916679859161377
L7,E143S,E143S.pdb,1.909355640411377,1.909355640411377
L7,F48Y,F48Y.pdb,1.8729461431503296,1.8729461431503296
L7,G102S,G102S.pdb,1.9068543910980225,1.9068543910980225
L7,H144Q,H144Q.pdb,1.8555463552474976,1.8555463552474976
L7,H177Q,H177Q.pdb,1.8568415641784668,1.8568415641784668
L7,K87T,K87T.pdb,1.8595881462097168,1.8595881462097168
L7,N107S,N107S.pdb,1.9069108963012695,1.9069108963012695
L7,P142S,P142S.pdb,1.8699785470962524,1.8699785470962524
L7,R181S,R181S.pdb,1.9471460580825806,1.9471460580825806
L7,R99C,R99C.pdb,1.8798247575759888,1.8798247575759888
L7,S4R,S4R.pdb,1.8551549911499023,1.8551549911499023
L7,T178A,T178A.pdb,1.9069875478744507,1.9069875478744507
L7,T52A,T52A.pdb,1.896365761756897,1.896365761756897
L7,Y104F,Y104F.pdb,1.8487097024917603,1.8487097024917603
L8,E143S,E143S.pdb,1.9225221872329712,1.9225221872329712
L8,F48Y,F48Y.pdb,1.843449354171753,1.843449354171753
L8,G102S,G102S.pdb,1.9076752662658691,1.9076752662658691
L8,H177Q,H177Q.pdb,1.878973126411438,1.878973126411438
L8,K87T,K87T.pdb,1.9271711111068726,1.9271711111068726
L8,N107S,N107S.pdb,1.8667783737182617,1.8667783737182617
L8,P142S,P142S.pdb,1.8785651922225952,1.8785651922225952
L8,R181S,R181S.pdb,1.8462390899658203,1.8462390899658203
L8,R99C,R99C.pdb,1.8473446369171143,1.8473446369171143
L8,S4R,S4R.pdb,1.890356421470642,1.890356421470642
L8,T178A,T178A.pdb,1.9458011388778687,1.9458011388778687
L8,T52A,T52A.pdb,1.9188919067382812,1.9188919067382812
L8,Y104F,Y104F.pdb,1.8708477020263672,1.8708477020263672
L9,E143S,E143S.pdb,1.9212538003921509,1.9212538003921509
L9,F48Y,F48Y.pdb,1.9547507762908936,1.9547507762908936
L9,G102S,G102S.pdb,1.890792965888977,1.890792965888977
L9,H177Q,H177Q.pdb,1.9141812324523926,1.9141812324523926
L9,K87T,K87T.pdb,1.8773795366287231,1.8773795366287231
L9,N107S,N107S.pdb,1.8641324043273926,1.8641324043273926
L9,P142S,P142S.pdb,1.9478904008865356,1.9478904008865356
L9,R181S,R181S.pdb,1.901941180229187,1.901941180229187
L9,S4R,S4R.pdb,1.9261646270751953,1.9261646270751953
L9,T178A,T178A.pdb,1.9042959213256836,1.9042959213256836
L9,T52A,T52A.pdb,1.863247275352478,1.863247275352478
L9,Y104F,Y104F.pdb,1.9497350454330444,1.9497350454330444
